﻿<?xml version="1.0" encoding="utf-8"?>
<!--Last Updated: 25.09.2007 18:25 By Alexander Chirlin for HF6-->
<XmlConfigurationHotfix xmlns:xsd="http://www.w3.org/2001/XMLSchema" xmlns:xsi="http://www.w3.org/2001/XMLSchema-instance" version="6" description="Cumulative up to Hotfix 6">
  <XMLContentFixes description="-= 'IFN DriveU Message Router Service' App.config update =-" contentXmlFilePath="Ifn.Messages.Router.Service.exe.config">
    <ContentFixNodes>
      <PrependChildren />
      <AppendChildren>
        <!--Add under "IFN\Ecm4P8":
<InheritSecurity value="false"/>-->
        <Node description="" XPathParent="/configuration/IFN/Ecm4P8" XPath="/configuration/IFN/Ecm4P8/InheritSecurity[@value]" xmlstring="&lt;InheritSecurity value=&quot;false&quot;/&gt;" />
        <!-- 
		Add under "IFN\W2Scheme":
		<AddDocumentRouterMessages enable="false" />
		 -->
        <Node description="10.07.2007" XPathParent="/configuration/IFN/W2Scheme" XPath="/configuration/IFN/W2Scheme/AddDocumentRouterMessages[@enable]" xmlstring="&lt;AddDocumentRouterMessages enable=&quot;false&quot;/&gt;" />
      </AppendChildren>
      <DeleteChildren />
    </ContentFixNodes>
    <ContentFixAttributes>
      <AddAttributes />
      <UpdateAttributes />
      <DeleteAttributes />
    </ContentFixAttributes>
  </XMLContentFixes>
  <XMLContentFixes description="-= 'IFN DriveU Message Router Service' App.config update =- (Hotfix 6. Issue 5.)" contentXmlFilePath="Ifn.Messages.Router.Service.exe.config">
    <ContentFixNodes>
      <PrependChildren></PrependChildren>
      <AppendChildren>
        <!--Adding comment to MAximalQueryResults-->
        <Node description="1. Adding comment to MAximalQueryResults" XPathParent="/configuration/IFN/Ecm4P8" XPath="/configuration/IFN/Ecm4P8[comment()]/comment()[contains(.,'maximal number of results')]" xmlstring="&lt;!-- MaximalQueryResults - maximal number of results (&quot;0&quot; for all results).--&gt;"></Node>
        <!--Add under Ecm4P8:<MaximalQueryResults value="1000" />-->
        <Node description="2. Add under Ecm4P8:&lt;MaximalQueryResults value=&quot;1000&quot; /&gt;" XPathParent="/configuration/IFN/Ecm4P8" XPath="/configuration/IFN/Ecm4P8/MaximalQueryResults[@value]" xmlstring="&lt;MaximalQueryResults value=&quot;1000&quot; /&gt;"></Node>
        <!--Add under Ecm4P8:<MaximalBytesToReadFromFNStream value="40000000"/>-->
        <Node description="3. Add under Ecm4P8:&lt;MaximalBytesToReadFromFNStream value=&quot;40000000&quot;/&gt;" XPathParent="/configuration/IFN/Ecm4P8" XPath="/configuration/IFN/Ecm4P8/MaximalBytesToReadFromFNStream[@value]" xmlstring="&lt;MaximalBytesToReadFromFNStream value=&quot;40000000&quot;/&gt;"></Node>
        <!--Add under Ecm4P8:<ViewOne></ViewOne>-->
        <Node description="4. Add under Ecm4P8: &lt;ViewOne&gt;&lt;/ViewOne&gt;" XPathParent="/configuration/IFN/Ecm4P8" XPath="/configuration/IFN/Ecm4P8/ViewOne" xmlstring="&lt;ViewOne/&gt;"></Node>
        <!--Add under Ecm4P8/ViewOne: <Numerator value="true"/>-->
        <Node description="5. Add under Ecm4P8/ViewOne: &lt;Numerator value=&quot;true&quot;/&gt;" XPathParent="/configuration/IFN/Ecm4P8/ViewOne" XPath="/configuration/IFN/Ecm4P8/ViewOne/Numerator[@value]" xmlstring="&lt;Numerator value=&quot;true&quot;/&gt;"></Node>
        <!--Add under Ecm4P8/ViewOne: <Creator value="true"/>-->
        <Node description="6. Add under Ecm4P8/ViewOne: &lt;Creator value=&quot;true&quot;/&gt;" XPathParent="/configuration/IFN/Ecm4P8/ViewOne" XPath="/configuration/IFN/Ecm4P8/ViewOne/Creator[@value]" xmlstring="&lt;Creator value=&quot;true&quot;/&gt;"></Node>
        <!--Add under Ecm4P8/ViewOne: <Date value="true"/>-->
        <Node description="7. Add under Ecm4P8/ViewOne: &lt;Date value=&quot;true&quot;/&gt;" XPathParent="/configuration/IFN/Ecm4P8/ViewOne" XPath="/configuration/IFN/Ecm4P8/ViewOne/Date[@value]" xmlstring="&lt;Date value=&quot;true&quot;/&gt;"></Node>
      </AppendChildren>
    </ContentFixNodes>
    <ContentFixAttributes>
      <AddAttributes />
      <CopyAttributes></CopyAttributes>
      <UpdateAttributes></UpdateAttributes>
      <DeleteAttributes></DeleteAttributes>
    </ContentFixAttributes>
  </XMLContentFixes>
  <XMLContentFixes description="-= 'IFN DriveU Message Router Service' App.config update =- (Hotfix 6. Issue 8.)" contentXmlFilePath="Ifn.Messages.Router.Service.exe.config">
    <ContentFixNodes>
      <PrependChildren></PrependChildren>
      <AppendChildren>
        <Node description="Add Under /configuration/IFN/MessageRouter/MessageMappings:&#xD;&#xA;&lt;Message type='Ifn.W2.Messages.W2DocumentRouterMessage' handlerType='Ifn.W2.Messages.W2DocumentRouterMessageHandler, Ifn.W2.Messages' /&gt;" XPathParent="/configuration/IFN/MessageRouter/MessageMappings" XPath="/configuration/IFN/MessageRouter/MessageMappings/Message[@type='Ifn.W2.Messages.W2DocumentRouterMessage' and @handlerType='Ifn.W2.Messages.W2DocumentRouterMessageHandler, Ifn.W2.Messages']" xmlstring="&lt;Message type=&quot;Ifn.W2.Messages.W2DocumentRouterMessage&quot; handlerType=&quot;Ifn.W2.Messages.W2DocumentRouterMessageHandler, Ifn.W2.Messages&quot; /&gt;"></Node>
        <Node description="Add Under /configuration/IFN/MessageRouter/MessageMappings:&#xD;&#xA;&lt;Message type='Ifn.W2.Messages.W2MultiReAssignMessage' handlerType='Ifn.W2.Messages.W2MultiReAssignMessageHandler, Ifn.W2.Messages' /&gt;" XPathParent="/configuration/IFN/MessageRouter/MessageMappings" XPath="/configuration/IFN/MessageRouter/MessageMappings/Message[@type='Ifn.W2.Messages.W2MultiReAssignMessage' and @handlerType='Ifn.W2.Messages.W2MultiReAssignMessageHandler, Ifn.W2.Messages']" xmlstring="&lt;Message type=&quot;Ifn.W2.Messages.W2MultiReAssignMessage&quot; handlerType=&quot;Ifn.W2.Messages.W2MultiReAssignMessageHandler, Ifn.W2.Messages&quot; /&gt;"></Node>
      </AppendChildren>
    </ContentFixNodes>
    <ContentFixAttributes>
      <AddAttributes />
      <CopyAttributes></CopyAttributes>
      <UpdateAttributes></UpdateAttributes>
      <DeleteAttributes></DeleteAttributes>
    </ContentFixAttributes>
  </XMLContentFixes>
  <XMLContentFixes description="-= 'IFN DriveU Message Router Service' App.config update =- (Hotfix 6. Issue 11.)" contentXmlFilePath="Ifn.Messages.Router.Service.exe.config">
    <ContentFixNodes>
      <PrependChildren></PrependChildren>
      <AppendChildren>
        <Node description="Add Under /configuration/IFN/MessageRouter:&#xD;&#xA;" XPathParent="/configuration/IFN/MessageRouter" XPath="/configuration/IFN/MessageRouter/DocumentRouterMessage/DefaultLaunchProcessPriority" xmlstring="&lt;DocumentRouterMessage&gt;&lt;DefaultLaunchProcessPriority value='1' /&gt;&lt;/DocumentRouterMessage&gt;"></Node>
      </AppendChildren>
    </ContentFixNodes>
    <ContentFixAttributes>
      <AddAttributes />
      <CopyAttributes></CopyAttributes>
      <UpdateAttributes></UpdateAttributes>
      <DeleteAttributes></DeleteAttributes>
    </ContentFixAttributes>
  </XMLContentFixes>
</XmlConfigurationHotfix>