﻿<?xml version="1.0" encoding="utf-8"?>
<!--Last Updated: 03.10.2007 13:20 By Alexander Chirlin for HF6-->
<XmlConfigurationHotfix xmlns:xsd="http://www.w3.org/2001/XMLSchema" xmlns:xsi="http://www.w3.org/2001/XMLSchema-instance" version="6" description="Cumulative up to Hotfix 6">
  <XMLContentFixes description="-= 'DriveU Admin' Web.config update =-" contentXmlFilePath="..\Web.config">
    <ContentFixNodes>
      <PrependChildren />
      <!-- 		Add under "IFN\PermissionManager\Relations":
		<Relation name="StoredSearchesAdd" description="" />
		<Relation name="StoredSearchesEdit" description="" />
		<Relation name="StoredSearchesDelete" description="" />		-->
      <AppendChildren>
        <Node description="1. HF5" XPathParent="/configuration/IFN/PermissionManager/Relations" XPath="/configuration/IFN/PermissionManager/Relations/Relation[@name='StoredSearchesAdd' and @description]" xmlstring="&lt;Relation name=&quot;StoredSearchesAdd&quot; description=&quot;&quot;/&gt;" />
        <Node description="2. HF5" XPathParent="/configuration/IFN/PermissionManager/Relations" XPath="/configuration/IFN/PermissionManager/Relations/Relation[@name='StoredSearchesEdit' and @description]" xmlstring="&lt;Relation name=&quot;StoredSearchesEdit&quot; description=&quot;&quot;/&gt;" />
        <Node description="3. HF5" XPathParent="/configuration/IFN/PermissionManager/Relations" XPath="/configuration/IFN/PermissionManager/Relations/Relation[@name='StoredSearchesDelete' and @description]" xmlstring="&lt;Relation name=&quot;StoredSearchesDelete&quot; description=&quot;&quot;/&gt;" />
        <Node description="4. HF6 Issue 9." XPathParent="/configuration/IFN/PermissionManager/Relations" XPath="/configuration/IFN/PermissionManager/Relations/Relation[@name='MultiReAssignStep' and @description]" xmlstring="&lt;Relation name=&quot;MultiReAssignStep&quot; description=&quot;&quot;/&gt;" />
        <Node description="5. HF6 Issue 9." XPathParent="/configuration/IFN/PermissionManager/Relations" XPath="/configuration/IFN/PermissionManager/Relations/Relation[@name='SwitchProcess' and @description]" xmlstring="&lt;Relation name=&quot;SwitchProcess&quot; description=&quot;&quot;/&gt;" />
        <Node description="6. HF6 Issue 9." XPathParent="/configuration/IFN/PermissionManager/Relations" XPath="/configuration/IFN/PermissionManager/Relations/Relation[@name='DocumentReFile' and @description]" xmlstring="&lt;Relation name=&quot;DocumentReFile&quot; description=&quot;&quot;/&gt;" />
        <Node description="7. HF6 Issue 9." XPathParent="/configuration/IFN/PermissionManager/Relations" XPath="/configuration/IFN/PermissionManager/Relations/Relation[@name='DocumentReRoute' and @description]" xmlstring="&lt;Relation name=&quot;DocumentReRoute&quot; description=&quot;&quot;/&gt;" />
      </AppendChildren>
      <DeleteChildren />
    </ContentFixNodes>
    <ContentFixAttributes>
      <AddAttributes />
      <UpdateAttributes />
      <DeleteAttributes />
    </ContentFixAttributes>
  </XMLContentFixes>
  <XMLContentFixes description="-= 'DriveU Admin' Web.config update =-" contentXmlFilePath="..\Web.config">
    <ContentFixNodes>
      <PrependChildren />
      <!-- 		Add under "IFN\PermissionManager\Relations":
		<Relation name="StoredSearchesAdd" description="" />
		<Relation name="StoredSearchesEdit" description="" />
		<Relation name="StoredSearchesDelete" description="" />		-->
      <AppendChildren>
        <!--Add under /configuration/IFNAdmin
<SystemProperties>
 <Document value='Creator,DateCreated,LastModifier,DateLastModified,Id' />
 <Folder value='Creator,DateCreated,LastModifier,DateLastModified,Id' />
</SystemProperties>-->
        <Node description="HF6. Issue 12." XPathParent="/configuration/IFNAdmin" XPath="/configuration/IFNAdmin/SystemProperties[Document[@value] and Folder[@value]]" xmlstring="&lt;SystemProperties&gt;&lt;Document value='Creator,DateCreated,LastModifier,DateLastModified,Id' /&gt;&lt;Folder value='Creator,DateCreated,LastModifier,DateLastModified,Id' /&gt;&lt;/SystemProperties&gt;" />
      </AppendChildren>
      <DeleteChildren />
    </ContentFixNodes>
    <ContentFixAttributes>
      <AddAttributes />
      <DeleteAttributes />
      <UpdateAttributes>
        <!--Update /configuration/configSections/section[@name='IFNAdmin']
attribute type=Ifn.Aux.Configuration.Configurable, Ifn.Aux, Version=1.0.2171.28457, Culture=neutral, PublicKeyToken=a499d83d9f362f76-->
        <Attribute description="HF6. Issue 12." XPath="/configuration/configSections/section[@name='IFNAdmin' and @type='IFNAdminAux.Configuration.IFNAdminConfigHandler, IFNAdminAux']" attribute_name="type" attribute_value="Ifn.Aux.Configuration.Configurable, Ifn.Aux, Version=1.0.2171.28457, Culture=neutral, PublicKeyToken=a499d83d9f362f76" />
      </UpdateAttributes>
    </ContentFixAttributes>
  </XMLContentFixes>
</XmlConfigurationHotfix>