﻿<?xml version="1.0" encoding="utf-8"?>
<!--Last Updated: 25.09.2007 18:25 By Alexander Chirlin for HF6-->
<XmlConfigurationHotfix xmlns:xsd="http://www.w3.org/2001/XMLSchema" xmlns:xsi="http://www.w3.org/2001/XMLSchema-instance" version="6" description="Cumulative up to Hotfix 6">
  <XMLContentFixes description="-= 'DriveU Web site' Web.config update =-" contentXmlFilePath="..\Web.config">
    <ContentFixNodes>
      <PrependChildren>
        <!-- 
				Add under "IFN\Gui":
					empty value = use the browser's default charset. 
					any other value, e.g.: "Windows-1255", "UTF-8" will override the browser's default charset
				<ContentElements DefaultCharset="" />
			-->
        <Node description="" XPathParent="/configuration/IFN/Gui" XPath="/configuration/IFN/Gui[comment()]/comment()[contains(.,'empty value = use the browser')]" xmlstring="&lt;!-- empty value = use the browser's default charset. /--&gt;" />
        <Node description="" XPathParent="/configuration/IFN/Gui" XPath="/configuration/IFN/Gui[comment()]/comment()[contains(.,'will override the browser')]" xmlstring="&lt;!-- any other value, e.g.: &quot;Windows-1255&quot;, &quot;UTF-8&quot; will override the browser's default charset /--&gt;" />
      </PrependChildren>
      <AppendChildren>
        <!-- 		
					Add under "IFN\Gui\ViewOne":
					<param name="emptyOnClose" value="true" />
			 -->
        <Node description="" XPathParent="/configuration/IFN/Gui/ViewOne" XPath="/configuration/IFN/Gui/ViewOne/param[@name='emptyOnClose' and @value='true']" xmlstring="&lt;param name=&quot;emptyOnClose&quot; value=&quot;true&quot;/&gt;" />
        <!--         
				Add under "IFN\Gui\DriveUViewer":
				<ShowThumbnails	value="false"/>
			 -->
        <Node description="" XPathParent="/configuration/IFN/Gui/DriveUViewer" XPath="/configuration/IFN/Gui/DriveUViewer/ShowThumbnails[@value='false']" xmlstring="&lt;ShowThumbnails value=&quot;false&quot;/&gt;" />
        <!-- 		
				Add under "IFN\Ecm4P8":
				<InheritSecurity value="false"/>
			 -->
        <Node description="Hotfix 5 related" XPathParent="/configuration/IFN/Ecm4P8" XPath="/configuration/IFN/Ecm4P8/InheritSecurity[@value]" xmlstring="&lt;InheritSecurity value=&quot;false&quot;/&gt;" />
        <!-- 
			Add under "IFN\W2Scheme":
			<AddDocumentRouterMessages enable="false" />
			 -->
        <Node description="10.07.2007" XPathParent="/configuration/IFN/W2Scheme" XPath="/configuration/IFN/W2Scheme/AddDocumentRouterMessages[@enable='false']" xmlstring="&lt;AddDocumentRouterMessages enable=&quot;false&quot;/&gt;" />
        <!-- 
			Add under "IFN\Gui\ViewOne":
			<param name="type" value="application/x-java-applet;jpi-version=1.4.2"/>
			<param name="model" value="models/HyaluronicAcid.xyz"/>
			<param name="scriptable" value="true"/>
			<param name="hspace" value="0"/>
			<param name="vspace" value="0"/>
			<param name="align" value="middle"/>
			<param name="codebase" value="http://localhost/DriveU/Resources/Applets/FNJavaV1files" />
			<param name="archive" value="ji.jar,p8securityDlg.jar,p8securityDlgResources.jar" />
			<param name="mayscript" value="true" />
			 -->
        <Node description="" XPathParent="/configuration/IFN/Gui/ViewOne" XPath="/configuration/IFN/Gui/ViewOne/param[@name='type' and @value='application/x-java-applet;jpi-version=1.4.2']" xmlstring="&lt;param name=&quot;type&quot; value=&quot;application/x-java-applet;jpi-version=1.4.2&quot;/&gt;" />
        <Node description="" XPathParent="/configuration/IFN/Gui/ViewOne" XPath="/configuration/IFN/Gui/ViewOne/param[@name='model' and @value='models/HyaluronicAcid.xyz']" xmlstring="&lt;param name=&quot;model&quot; value=&quot;models/HyaluronicAcid.xyz&quot;/&gt;" />
        <Node description="" XPathParent="/configuration/IFN/Gui/ViewOne" XPath="/configuration/IFN/Gui/ViewOne/param[@name='scriptable' and @value='true']" xmlstring="&lt;param name=&quot;scriptable&quot; value=&quot;true&quot;/&gt;" />
        <Node description="" XPathParent="/configuration/IFN/Gui/ViewOne" XPath="/configuration/IFN/Gui/ViewOne/param[@name='hspace' and @value='0']" xmlstring="&lt;param name=&quot;hspace&quot; value=&quot;0&quot;/&gt;" />
        <Node description="" XPathParent="/configuration/IFN/Gui/ViewOne" XPath="/configuration/IFN/Gui/ViewOne/param[@name='vspace' and @value='0']" xmlstring="&lt;param name=&quot;vspace&quot; value=&quot;0&quot;/&gt;" />
        <Node description="" XPathParent="/configuration/IFN/Gui/ViewOne" XPath="/configuration/IFN/Gui/ViewOne/param[@name='align' and @value='middle']" xmlstring="&lt;param name=&quot;align&quot; value=&quot;middle&quot;/&gt;" />
        <Node description="" XPathParent="/configuration/IFN/Gui/ViewOne" XPath="/configuration/IFN/Gui/ViewOne/param[@name='codebase']" xmlstring="&lt;param name=&quot;codebase&quot; value=&quot;&quot;/&gt;" />
        <Node description="" XPathParent="/configuration/IFN/Gui/ViewOne" XPath="/configuration/IFN/Gui/ViewOne/param[@name='archive' and @value='ji.jar,p8securityDlg.jar,p8securityDlgResources.jar']" xmlstring="&lt;param name=&quot;archive&quot; value=&quot;ji.jar,p8securityDlg.jar,p8securityDlgResources.jar&quot;/&gt;" />
        <Node description="" XPathParent="/configuration/IFN/Gui/ViewOne" XPath="/configuration/IFN/Gui/ViewOne/param[@name='mayscript' and @value='true']" xmlstring="&lt;param name=&quot;mayscript&quot; value=&quot;true&quot;/&gt;" />
        <!--
				Add under "IFN\Gui":
				<WizardContainer show_title_panel = "true"/>
			-->
        <Node description="" XPathParent="/configuration/IFN/Gui" XPath="/configuration/IFN/Gui/WizardContainer[@show_title_panel='true']" xmlstring="&lt;WizardContainer show_title_panel=&quot;true&quot;/&gt;" />
        <!--Add under IFN\GUI: <W2LookupBox maximum_objects="100"/>

-->
        <Node description="HF6 {E2A3A18A-6989-4767-A666-2E57476BB6DB}&#xD;&#xA;" XPathParent="/configuration/IFN/Gui" XPath="/configuration/IFN/Gui/W2LookupBox[@maximum_objects]" xmlstring="&lt;W2LookupBox maximum_objects=&quot;100&quot;/&gt;" />
      </AppendChildren>
      <DeleteChildren>
        <!--
				Remove under "IFN\Gui\ViewOne":
				<param name="annotationAutoPrompt" value="false" />
				<param name="AnnotationAutoSaveJ2Shutdown" value="false" />
			-->
        <Node description="" XPathParent="" XPath="/configuration/IFN/Gui/ViewOne/param[@name = 'annotationAutoPrompt' and @value ='false']" xmlstring="" />
        <Node description="" XPathParent="" XPath="/configuration/IFN/Gui/ViewOne/param[@name = 'AnnotationAutoSaveJ2Shutdown' and @value ='false']" xmlstring="" />
      </DeleteChildren>
    </ContentFixNodes>
    <ContentFixAttributes>
      <AddAttributes />
      <CopyAttributes>
        <!-- <ViewOne FormParamName="FnAnnoData01" InternalCode="ji.applet.jiApplet.class" InternalArchive="ji.jar,p8securityDlg.jar,p8securityDlgResources.jar" InternalCodeBase="http://vmp8v351d/DriveU/Resources/Applets/FNJavaV1files">-->
        <Attribute XPath="/configuration/IFN/Gui/ViewOne/param[@name='codebase']" attribute_name="value" sourcepath="/configuration/IFN/Gui/ViewOne[@FormParamName='FnAnnoData01']" sourcename="InternalCodeBase" copycondition="/configuration/IFN/Gui/ViewOne[@InternalCodeBase='http://java.sun.com/products/plugin/1.4/jinstall-14-win32.cab#Version=1,4,0,mn']" />
      </CopyAttributes>
      <UpdateAttributes>
        <!-- 
				Replace under "IFN\Gui\ViewOne":
				<param name="annotationAutoSave" value="false" />
				with
				<param name="annotationAutoSave" value="true" />
			 -->
        <Attribute XPath="/configuration/IFN/Gui/ViewOne/param[@name ='annotationAutoSave' and @value='false'] " attribute_name="value" attribute_value="true" />
        <!--  
				Replace under "IFN\Gui\ViewOne":
				<param name="eventInterest" value="5,20,24" />
				with
				<param name="eventInterest" value="5,15,20,24,22,37" />
			-->
        <Attribute XPath="/configuration/IFN/Gui/ViewOne/param[@name = 'eventInterest' and @value='5,20,24']" attribute_name="value" attribute_value="5,15,20,24,22,37" />
        <!--
				Repace under "configuration\configSections":
				<section name="log4net" type="log4net.Config.Log4NetConfigurationSectionHandler, log4net" />
				with
				<section name="log4net" type="System.Configuration.IgnoreSectionHandler" />
			-->
        <Attribute XPath="/configuration/configSections/section[@name='log4net' and @type='log4net.Config.Log4NetConfigurationSectionHandler, log4net']" attribute_name="type" attribute_value="System.Configuration.IgnoreSectionHandler" />
        <!--
				Repace under "configuration\configSections":
				<section name="log4net" type="log4net.Config.Log4NetConfigurationSectionHandler, log4net" />
				with
				<section name="log4net" type="System.Configuration.IgnoreSectionHandler" />
			-->
        <Attribute XPath="/configuration/IFN/Gui/ViewOne[@FormParamName='FnAnnoData01']" attribute_name="InternalCodeBase" attribute_value="http://java.sun.com/products/plugin/1.4/jinstall-14-win32.cab#Version=1,4,0,mn" />
      </UpdateAttributes>
      <DeleteAttributes>
        <!--
				Delete attribute: InternalCode
				From /configuration/IFN/Gui/ViewOne
			-->
        <Attribute XPath="/configuration/IFN/Gui/ViewOne[@FormParamName='FnAnnoData01']" attribute_name="InternalCode" attribute_value="" />
        <!--
				Delete attribute: InternalArchive
				From /configuration/IFN/Gui/ViewOne
			-->
        <Attribute XPath="/configuration/IFN/Gui/ViewOne[@FormParamName='FnAnnoData01']" attribute_name="InternalArchive" attribute_value="" />
      </DeleteAttributes>
    </ContentFixAttributes>
  </XMLContentFixes>
  <XMLContentFixes description="-= 'DriveU Web site' Web.config update =- (Hotfix 6. Issue 5.)" contentXmlFilePath="..\Web.config">
    <ContentFixNodes>
      <PrependChildren></PrependChildren>
      <AppendChildren>
        <!--Adding comment to MAximalQueryResults-->
        <Node description="1. Adding comment to MAximalQueryResults" XPathParent="/configuration/IFN/Ecm4P8" XPath="/configuration/IFN/Ecm4P8[comment()]/comment()[contains(.,'maximal number of results')]" xmlstring="&lt;!-- MaximalQueryResults - maximal number of results (&quot;0&quot; for all results).--&gt;"></Node>
        <!--Add under Ecm4P8:<MaximalQueryResults value="1000" />-->
        <Node description="2. Add under Ecm4P8:&lt;MaximalQueryResults value=&quot;1000&quot; /&gt;" XPathParent="/configuration/IFN/Ecm4P8" XPath="/configuration/IFN/Ecm4P8/MaximalQueryResults[@value]" xmlstring="&lt;MaximalQueryResults value=&quot;1000&quot; /&gt;"></Node>
        <!--Add under Ecm4P8:<MaximalBytesToReadFromFNStream value="40000000"/>-->
        <Node description="3. Add under Ecm4P8:&lt;MaximalBytesToReadFromFNStream value=&quot;40000000&quot;/&gt;" XPathParent="/configuration/IFN/Ecm4P8" XPath="/configuration/IFN/Ecm4P8/MaximalBytesToReadFromFNStream[@value]" xmlstring="&lt;MaximalBytesToReadFromFNStream value=&quot;40000000&quot;/&gt;"></Node>
        <!--Add under Ecm4P8:<ViewOne></ViewOne>-->
        <Node description="4. Add under Ecm4P8: &lt;ViewOne&gt;&lt;/ViewOne&gt;" XPathParent="/configuration/IFN/Ecm4P8" XPath="/configuration/IFN/Ecm4P8/ViewOne" xmlstring="&lt;ViewOne/&gt;"></Node>
        <!--Add under Ecm4P8/ViewOne: <Numerator value="true"/>-->
        <Node description="5. Add under Ecm4P8/ViewOne: &lt;Numerator value=&quot;true&quot;/&gt;" XPathParent="/configuration/IFN/Ecm4P8/ViewOne" XPath="/configuration/IFN/Ecm4P8/ViewOne/Numerator[@value]" xmlstring="&lt;Numerator value=&quot;true&quot;/&gt;"></Node>
        <!--Add under Ecm4P8/ViewOne: <Creator value="true"/>-->
        <Node description="6. Add under Ecm4P8/ViewOne: &lt;Creator value=&quot;true&quot;/&gt;" XPathParent="/configuration/IFN/Ecm4P8/ViewOne" XPath="/configuration/IFN/Ecm4P8/ViewOne/Creator[@value]" xmlstring="&lt;Creator value=&quot;true&quot;/&gt;"></Node>
        <!--Add under Ecm4P8/ViewOne: <Date value="true"/>-->
        <Node description="7. Add under Ecm4P8/ViewOne: &lt;Date value=&quot;true&quot;/&gt;" XPathParent="/configuration/IFN/Ecm4P8/ViewOne" XPath="/configuration/IFN/Ecm4P8/ViewOne/Date[@value]" xmlstring="&lt;Date value=&quot;true&quot;/&gt;"></Node>
      </AppendChildren>
    </ContentFixNodes>
    <ContentFixAttributes>
      <AddAttributes />
      <CopyAttributes></CopyAttributes>
      <UpdateAttributes></UpdateAttributes>
      <DeleteAttributes></DeleteAttributes>
    </ContentFixAttributes>
  </XMLContentFixes>
  <!--Replace: 
<ContentElements DefaultCharset="XXX" />
with:
<ContentElements>
	<DefaultCharset value="XXX"/>
	<MinimumBytesToGCCollect value="40000"/>
</ContentElements> 
4 atomic changes taken to accomplish this-->
  <XMLContentFixes description="-= 'DriveU Web site' Web.config update =- (Hotfix 6. Issue 6.)" contentXmlFilePath="..\Web.config">
    <ContentFixNodes>
      <PrependChildren></PrependChildren>
      <AppendChildren>
        <!--We adding DefaultCharset node with value=""-->
        <Node description="" XPathParent="/configuration/IFN/Gui/ContentElements" XPath="/configuration/IFN/Gui/ContentElements/DefaultCharset[@value]" xmlstring="&lt;DefaultCharset value=&quot;&quot;/&gt;"></Node>
        <!--We adding MinimumBytesToGCCollect node with value=""-->
        <Node description="" XPathParent="/configuration/IFN/Gui/ContentElements" XPath="/configuration/IFN/Gui/ContentElements/MinimumBytesToGCCollect[@value]" xmlstring="&lt;MinimumBytesToGCCollect value=&quot;40000&quot;/&gt;"></Node>
      </AppendChildren>
    </ContentFixNodes>
    <ContentFixAttributes>
      <AddAttributes />
      <CopyAttributes>
        <!--We copying attribute value from DefaultCharset="XXX" to just created value node DefaultCharset-->
        <Attribute XPath="/configuration/IFN/Gui/ContentElements/DefaultCharset[@value]" attribute_name="value" sourcepath="/configuration/IFN/Gui/ContentElements[@DefaultCharset]" sourcename="DefaultCharset" />
      </CopyAttributes>
      <UpdateAttributes></UpdateAttributes>
      <DeleteAttributes>
        <!--Delete attribute: DefaultCharset
From /configuration/IFN/Gui/ContentElements[@DefaultCharset]		-->
        <Attribute XPath="/configuration/IFN/Gui/ContentElements[@DefaultCharset]" attribute_name="DefaultCharset" attribute_value="" />
      </DeleteAttributes>
    </ContentFixAttributes>
  </XMLContentFixes>
  <!--Adding: <Dialog name='MultiReAssign' type='Ifn.W2.Web.Common.Dialogs.W2MultiReAssignDialog, Ifn.W2.Web.Common' />
Under the /configuration/IFN/Gui/DialogTypes-->
  <XMLContentFixes description="-= 'DriveU Web site' Web.config update =- (Hotfix 6. Issue 7.)" contentXmlFilePath="..\Web.config">
    <ContentFixNodes>
      <PrependChildren></PrependChildren>
      <AppendChildren>
        <!--Adding: <Dialog name='MultiReAssign' type='Ifn.W2.Web.Common.Dialogs.W2MultiReAssignDialog, Ifn.W2.Web.Common' />
Under the /configuration/IFN/Gui/DialogTypes-->
        <Node description="Adding Dialog name='MultiReAssign'" XPathParent="/configuration/IFN/Gui/DialogTypes" XPath="/configuration/IFN/Gui/DialogTypes/Dialog[@name='MultiReAssign' and @type='Ifn.W2.Web.Common.Dialogs.W2MultiReAssignDialog, Ifn.W2.Web.Common']" xmlstring="&lt;Dialog name=&quot;MultiReAssign&quot; type=&quot;Ifn.W2.Web.Common.Dialogs.W2MultiReAssignDialog, Ifn.W2.Web.Common&quot; /&gt;"></Node>
      </AppendChildren>
    </ContentFixNodes>
    <ContentFixAttributes>
      <AddAttributes />
      <CopyAttributes></CopyAttributes>
      <UpdateAttributes></UpdateAttributes>
      <DeleteAttributes></DeleteAttributes>
    </ContentFixAttributes>
  </XMLContentFixes>
  <XMLContentFixes description="-= 'DriveU Web site' Web.config update =- (Hotfix 6. Issue 10.)" contentXmlFilePath="..\Web.config">
    <ContentFixNodes>
      <PrependChildren></PrependChildren>
      <AppendChildren>
        <!--Adding: 
<W2ExecutionContext>
	<GetComputerName value="true"/>
</W2ExecutionContext>
Under the /configuration/IFN-->
        <Node description="Adding W2ExecutionContext/GetComputerName with value='true'" XPathParent="/configuration/IFN" XPath="/configuration/IFN/W2ExecutionContext/GetComputerName" xmlstring="&lt;W2ExecutionContext&gt;&lt;GetComputerName value='true'/&gt;&lt;/W2ExecutionContext&gt;"></Node>
      </AppendChildren>
    </ContentFixNodes>
    <ContentFixAttributes>
      <AddAttributes />
      <CopyAttributes></CopyAttributes>
      <UpdateAttributes></UpdateAttributes>
      <DeleteAttributes></DeleteAttributes>
    </ContentFixAttributes>
  </XMLContentFixes>
</XmlConfigurationHotfix>