﻿<?xml version="1.0" encoding="utf-8"?>
<XmlConfigurationHotfix xmlns:xsd="http://www.w3.org/2001/XMLSchema" xmlns:xsi="http://www.w3.org/2001/XMLSchema-instance" version="6" description="Hotfix 6">
  <XMLContentFixes description="-= 'IFN DriveU Permission Manager Service' App.config update =-" contentXmlFilePath="Ifn.PermissionManager.Provider.Service.exe.config">
    <ContentFixNodes>
      <PrependChildren />
      <AppendChildren>
        <!-- Related to hotfix 5 from 05/06/07
Add under "IFN\Ecm4P8":
<InheritSecurity value="false"/>-->
        <Node description="" XPathParent="/configuration/IFN/Ecm4P8" XPath="/configuration/IFN/Ecm4P8/InheritSecurity[@value]" xmlstring="&lt;InheritSecurity value=&quot;false&quot;/&gt;" />
      </AppendChildren>
      <DeleteChildren />
    </ContentFixNodes>
    <ContentFixAttributes>
      <AddAttributes />
      <UpdateAttributes />
      <DeleteAttributes />
    </ContentFixAttributes>
  </XMLContentFixes>
  <XMLContentFixes description="-= 'IFN DriveU Permission Manager Service' App.config update =- (Hotfix 6. Issue 5.)" contentXmlFilePath="Ifn.PermissionManager.Provider.Service.exe.config">
    <ContentFixNodes>
      <PrependChildren></PrependChildren>
      <AppendChildren>
        <!--Adding comment to MAximalQueryResults-->
        <Node description="1. Adding comment to MAximalQueryResults" XPathParent="/configuration/IFN/Ecm4P8" XPath="/configuration/IFN/Ecm4P8[comment()]/comment()[contains(.,'maximal number of results')]" xmlstring="&lt;!-- MaximalQueryResults - maximal number of results (&quot;0&quot; for all results).--&gt;"></Node>
        <!--Add under Ecm4P8:<MaximalQueryResults value="1000" />-->
        <Node description="2. Add under Ecm4P8:&lt;MaximalQueryResults value=&quot;1000&quot; /&gt;" XPathParent="/configuration/IFN/Ecm4P8" XPath="/configuration/IFN/Ecm4P8/MaximalQueryResults[@value]" xmlstring="&lt;MaximalQueryResults value=&quot;1000&quot; /&gt;"></Node>
        <!--Add under Ecm4P8:<MaximalBytesToReadFromFNStream value="40000000"/>-->
        <Node description="3. Add under Ecm4P8:&lt;MaximalBytesToReadFromFNStream value=&quot;40000000&quot;/&gt;" XPathParent="/configuration/IFN/Ecm4P8" XPath="/configuration/IFN/Ecm4P8/MaximalBytesToReadFromFNStream[@value]" xmlstring="&lt;MaximalBytesToReadFromFNStream value=&quot;40000000&quot;/&gt;"></Node>
        <!--Add under Ecm4P8:<ViewOne></ViewOne>-->
        <Node description="4. Add under Ecm4P8: &lt;ViewOne&gt;&lt;/ViewOne&gt;" XPathParent="/configuration/IFN/Ecm4P8" XPath="/configuration/IFN/Ecm4P8/ViewOne" xmlstring="&lt;ViewOne/&gt;"></Node>
        <!--Add under Ecm4P8/ViewOne: <Numerator value="true"/>-->
        <Node description="5. Add under Ecm4P8/ViewOne: &lt;Numerator value=&quot;true&quot;/&gt;" XPathParent="/configuration/IFN/Ecm4P8/ViewOne" XPath="/configuration/IFN/Ecm4P8/ViewOne/Numerator[@value]" xmlstring="&lt;Numerator value=&quot;true&quot;/&gt;"></Node>
        <!--Add under Ecm4P8/ViewOne: <Creator value="true"/>-->
        <Node description="6. Add under Ecm4P8/ViewOne: &lt;Creator value=&quot;true&quot;/&gt;" XPathParent="/configuration/IFN/Ecm4P8/ViewOne" XPath="/configuration/IFN/Ecm4P8/ViewOne/Creator[@value]" xmlstring="&lt;Creator value=&quot;true&quot;/&gt;"></Node>
        <!--Add under Ecm4P8/ViewOne: <Date value="true"/>-->
        <Node description="7. Add under Ecm4P8/ViewOne: &lt;Date value=&quot;true&quot;/&gt;" XPathParent="/configuration/IFN/Ecm4P8/ViewOne" XPath="/configuration/IFN/Ecm4P8/ViewOne/Date[@value]" xmlstring="&lt;Date value=&quot;true&quot;/&gt;"></Node>
      </AppendChildren>
    </ContentFixNodes>
    <ContentFixAttributes>
      <AddAttributes />
      <CopyAttributes></CopyAttributes>
      <UpdateAttributes></UpdateAttributes>
      <DeleteAttributes></DeleteAttributes>
    </ContentFixAttributes>
  </XMLContentFixes>
</XmlConfigurationHotfix>