﻿<?xml version="1.0" encoding="utf-8"?>
<XmlConfigurationHotfix xmlns:xsd="http://www.w3.org/2001/XMLSchema" xmlns:xsi="http://www.w3.org/2001/XMLSchema-instance" version="6" description="Hotfix 5">
  <XMLContentFixes description="-= 'IFN vFlow Engine Service' vFlowService1.1.exe.config update =-" contentXmlFilePath="vFlowService1.1.exe.config">
    <ContentFixNodes>
      <PrependChildren />
      <AppendChildren />
      <DeleteChildren />
    </ContentFixNodes>
    <ContentFixAttributes>
      <AddAttributes />
      <CopyAttributes />
      <UpdateAttributes>
        <!-- 
				   Fix:	02.08.2007
					{D22F0AFB-D5BA-4f4f-BF3A-C4D67F1F2D6A}
					Replace under "/configuration/IFN/vFlowServer/Systems/System"
					manage_internal_queues="true"
					with
					manage_internal_queues="false"
				 -->
        <Attribute description="{D22F0AFB-D5BA-4f4f-BF3A-C4D67F1F2D6A}" XPath="/configuration/IFN/vFlowServer/Systems/System[@manage_internal_queues = 'true']" attribute_name="manage_internal_queues" attribute_value="false" />
      </UpdateAttributes>
      <DeleteAttributes />
    </ContentFixAttributes>
  </XMLContentFixes>
</XmlConfigurationHotfix>