<?xml version="1.0" encoding="utf-8"?>
<XmlConfigurationHotfix xmlns:xsd="http://www.w3.org/2001/XMLSchema" xmlns:xsi="http://www.w3.org/2001/XMLSchema-instance" version="5" description="Hotfix 5">
  <XMLContentFixes description="-= 'DriveU Admin' Web.config update =-" contentXmlFilePath="..\Web.config">
    <ContentFixNodes>
      <PrependChildren />
		<!-- 
		Add under "IFN\PermissionManager\Relations":
		<Relation name="StoredSearchesAdd" description="" />
		<Relation name="StoredSearchesEdit" description="" />
		<Relation name="StoredSearchesDelete" description="" />
		-->
      <AppendChildren>
        <Node description="" 
			XPathParent = "/configuration/IFN/PermissionManager/Relations"  
			XPath = "/configuration/IFN/PermissionManager/Relations/Relation[@name='StoredSearchesAdd' and @description='']"
			xmlstring="&lt;Relation name=&quot;StoredSearchesAdd&quot; description=&quot;&quot;/&gt;" />
        <Node description="" 
			XPathParent="/configuration/IFN/PermissionManager/Relations"  
			XPath = "/configuration/IFN/PermissionManager/Relations/Relation[@name='StoredSearchesEdit' and @description='']"
			xmlstring="&lt;Relation name=&quot;StoredSearchesEdit&quot; description=&quot;&quot;/&gt;" />
        <Node description="" 
			XPathParent="/configuration/IFN/PermissionManager/Relations"  
			XPath = "/configuration/IFN/PermissionManager/Relations/Relation[@name='StoredSearchesDelete' and @description='']"
			xmlstring="&lt;Relation name=&quot;StoredSearchesDelete&quot; description=&quot;&quot;/&gt;" />
      </AppendChildren>
      <DeleteChildren />
    </ContentFixNodes>
    <ContentFixAttributes>
      <AddAttributes />
      <UpdateAttributes />
      <DeleteAttributes />
    </ContentFixAttributes>
  </XMLContentFixes>
</XmlConfigurationHotfix>