<?xml version="1.0" encoding="utf-8"?>
<XmlConfigurationHotfix xmlns:xsd="http://www.w3.org/2001/XMLSchema" 
						xmlns:xsi="http://www.w3.org/2001/XMLSchema-instance" 
						version="5" 
						description="Hotfix 5">

	<XMLContentFixes description="-= 'DriveU Web site' Web.config update =-" contentXmlFilePath="..\Web.config">
		<ContentFixNodes>
		  <PrependChildren>
			<!-- 
				Add under "IFN\Gui":
					empty value = use the browser's default charset. 
					any other value, e.g.: "Windows-1255", "UTF-8" will override the browser's default charset
				<ContentElements DefaultCharset="" />
			-->
			<Node description="" 
				XPathParent="/configuration/IFN/Gui" 
				XPath = "/configuration/IFN/Gui[comment()]/comment()[contains(.,'empty value = use the browser')]"
				xmlstring="&lt;!-- empty value = use the browser's default charset. /--&gt;" />
			<Node description="" 
				XPathParent="/configuration/IFN/Gui" 
				XPath = "/configuration/IFN/Gui[comment()]/comment()[contains(.,'will override the browser')]"
				xmlstring="&lt;!-- any other value, e.g.: &quot;Windows-1255&quot;, &quot;UTF-8&quot; will override the browser's default charset /--&gt;" />
			<Node description="" 
				XPathParent="/configuration/IFN/Gui" 
				XPath = "/configuration/IFN/Gui/ContentElements[@DefaultCharset='']"
				xmlstring="&lt;ContentElements DefaultCharset=&quot;&quot; /&gt;" />
		  </PrependChildren>
		  
		  <AppendChildren>
			
			<!-- 		
					Add under "IFN\Gui\ViewOne":
					<param name="emptyOnClose" value="true" />
			 -->		
			<Node description="" 
				XPathParent="/configuration/IFN/Gui/ViewOne"
				XPath = "/configuration/IFN/Gui/ViewOne/param[@name='emptyOnClose' and @value='true']"
				xmlstring="&lt;param name=&quot;emptyOnClose&quot; value=&quot;true&quot;/&gt;" />
			<!--         
				Add under "IFN\Gui\DriveUViewer":
				<ShowThumbnails	value="false"/>
			 -->		
			<Node description="" 
				XPathParent="/configuration/IFN/Gui/DriveUViewer" 
				XPath="/configuration/IFN/Gui/DriveUViewer/ShowThumbnails[@value='false']" 
				xmlstring="&lt;ShowThumbnails value=&quot;false&quot;/&gt;" />
			<!-- 		
				Add under "IFN\Ecm4P8":
				<InheritSecurity value="false"/>
			 -->
			<Node description="Service Pack 5" 
				XPathParent = "/configuration/IFN/Ecm4P8"  
				XPath = "/configuration/IFN/Ecm4P8/InheritSecurity[@value='false']"
				xmlstring="&lt;InheritSecurity value=&quot;false&quot;/&gt;" />

			<!-- 
			Add under "IFN\W2Scheme":
			<AddDocumentRouterMessages enable="false" />
			 -->
	        <Node description="10.07.2007" 
				XPathParent = "/configuration/IFN/W2Scheme"  
				XPath = "/configuration/IFN/W2Scheme/AddDocumentRouterMessages[@enable='false']"
				xmlstring="&lt;AddDocumentRouterMessages enable=&quot;false&quot;/&gt;" />

			<!-- 
			Add under "IFN\Gui\ViewOne":
			<param name="type" value="application/x-java-applet;jpi-version=1.4.2"/>
			<param name="model" value="models/HyaluronicAcid.xyz"/>
			<param name="scriptable" value="true"/>
			<param name="hspace" value="0"/>
			<param name="vspace" value="0"/>
			<param name="align" value="middle"/>
			<param name="codebase" value="http://localhost/DriveU/Resources/Applets/FNJavaV1files" />
			<param name="archive" value="ji.jar,p8securityDlg.jar,p8securityDlgResources.jar" />
			<param name="mayscript" value="true" />
			 -->
			<Node description="" 
				XPathParent="/configuration/IFN/Gui/ViewOne"
				XPath = "/configuration/IFN/Gui/ViewOne/param[@name='type' and @value='application/x-java-applet;jpi-version=1.4.2']"
				xmlstring="&lt;param name=&quot;type&quot; value=&quot;application/x-java-applet;jpi-version=1.4.2&quot;/&gt;" />
			<Node description="" 
				XPathParent="/configuration/IFN/Gui/ViewOne"
				XPath = "/configuration/IFN/Gui/ViewOne/param[@name='model' and @value='models/HyaluronicAcid.xyz']"
				xmlstring="&lt;param name=&quot;model&quot; value=&quot;models/HyaluronicAcid.xyz&quot;/&gt;" />
			<Node description="" 
				XPathParent="/configuration/IFN/Gui/ViewOne"
				XPath = "/configuration/IFN/Gui/ViewOne/param[@name='scriptable' and @value='true']"
				xmlstring="&lt;param name=&quot;scriptable&quot; value=&quot;true&quot;/&gt;" />
			<Node description="" 
				XPathParent="/configuration/IFN/Gui/ViewOne"
				XPath = "/configuration/IFN/Gui/ViewOne/param[@name='hspace' and @value='0']"
				xmlstring="&lt;param name=&quot;hspace&quot; value=&quot;0&quot;/&gt;" />
			<Node description="" 
				XPathParent="/configuration/IFN/Gui/ViewOne"
				XPath = "/configuration/IFN/Gui/ViewOne/param[@name='vspace' and @value='0']"
				xmlstring="&lt;param name=&quot;vspace&quot; value=&quot;0&quot;/&gt;" />
			<Node description="" 
				XPathParent="/configuration/IFN/Gui/ViewOne"
				XPath = "/configuration/IFN/Gui/ViewOne/param[@name='align' and @value='middle']"
				xmlstring="&lt;param name=&quot;align&quot; value=&quot;middle&quot;/&gt;" />
			<Node description="" 
				XPathParent="/configuration/IFN/Gui/ViewOne"
				XPath = "/configuration/IFN/Gui/ViewOne/param[@name='codebase']"
				xmlstring="&lt;param name=&quot;codebase&quot; value=&quot;&quot;/&gt;" />
			<Node description="" 
				XPathParent="/configuration/IFN/Gui/ViewOne"
				XPath = "/configuration/IFN/Gui/ViewOne/param[@name='archive' and @value='ji.jar,p8securityDlg.jar,p8securityDlgResources.jar']"
				xmlstring="&lt;param name=&quot;archive&quot; value=&quot;ji.jar,p8securityDlg.jar,p8securityDlgResources.jar&quot;/&gt;" />
			<Node description=""
				XPathParent="/configuration/IFN/Gui/ViewOne"
				XPath = "/configuration/IFN/Gui/ViewOne/param[@name='mayscript' and @value='true']"
				xmlstring="&lt;param name=&quot;mayscript&quot; value=&quot;true&quot;/&gt;" />
			<!--
				Add under "IFN\Gui":
				<WizardContainer show_title_panel = "true"/>
			-->
			<Node description="" 
				XPathParent="/configuration/IFN/Gui"
				XPath = "/configuration/IFN/Gui/WizardContainer[@show_title_panel='true']"
				xmlstring="&lt;WizardContainer show_title_panel=&quot;true&quot;/&gt;" />

		  </AppendChildren>

		  <DeleteChildren>
			<!--
				Remove under "IFN\Gui\ViewOne":
				<param name="annotationAutoPrompt" value="false" />
				<param name="AnnotationAutoSaveJ2Shutdown" value="false" />
			-->			
			<Node description="" 
				XPathParent=""
				XPath="/configuration/IFN/Gui/ViewOne/param[@name = 'annotationAutoPrompt' and @value ='false']" 
				xmlstring="" />
			<Node description="" 
				XPathParent = "" 
				XPath ="/configuration/IFN/Gui/ViewOne/param[@name = 'AnnotationAutoSaveJ2Shutdown' and @value ='false']" 
				xmlstring="" />
		  </DeleteChildren>
		
		</ContentFixNodes>
		
		<ContentFixAttributes>
		  
		  <AddAttributes/>
		  
		  <CopyAttributes>
		  
			<!-- <ViewOne FormParamName="FnAnnoData01" InternalCode="ji.applet.jiApplet.class" InternalArchive="ji.jar,p8securityDlg.jar,p8securityDlgResources.jar" InternalCodeBase="http://vmp8v351d/DriveU/Resources/Applets/FNJavaV1files"> -->
			<Attribute
				XPath="/configuration/IFN/Gui/ViewOne/param[@name='codebase']"
				attribute_name="value"				
				sourcepath = "/configuration/IFN/Gui/ViewOne[@FormParamName='FnAnnoData01']"
				sourcename = "InternalCodeBase"/>				
		  </CopyAttributes>
		  <UpdateAttributes>
			
			<!-- 
				Replace under "IFN\Gui\ViewOne":
				<param name="annotationAutoSave" value="false" />
				with
				<param name="annotationAutoSave" value="true" />
			 -->
			<Attribute 
				XPath="/configuration/IFN/Gui/ViewOne/param[@name ='annotationAutoSave' and @value='false'] " 
				attribute_name="value" 
				attribute_value="true" />

			<!--  
				Replace under "IFN\Gui\ViewOne":
				<param name="eventInterest" value="5,20,24" />
				with
				<param name="eventInterest" value="5,15,20,24,22,37" />
			-->
			<Attribute 
				XPath="/configuration/IFN/Gui/ViewOne/param[@name = 'eventInterest' and @value='5,20,24']" 
				attribute_name="value" 
				attribute_value="5,15,20,24,22,37" />
			
			<!--
				Repace under "configuration\configSections":
				<section name="log4net" type="log4net.Config.Log4NetConfigurationSectionHandler, log4net" />
				with
				<section name="log4net" type="System.Configuration.IgnoreSectionHandler" />
			-->
			<Attribute 
				XPath="/configuration/configSections/section[@name='log4net' and @type='log4net.Config.Log4NetConfigurationSectionHandler, log4net']" 
				attribute_name="type" 
				attribute_value="System.Configuration.IgnoreSectionHandler" />

			<!--
				Repace under "configuration\configSections":
				<section name="log4net" type="log4net.Config.Log4NetConfigurationSectionHandler, log4net" />
				with
				<section name="log4net" type="System.Configuration.IgnoreSectionHandler" />
			-->
			<Attribute 
				XPath="/configuration/IFN/Gui/ViewOne[@FormParamName='FnAnnoData01']" 
				attribute_name="InternalCodeBase" 
				attribute_value="http://java.sun.com/products/plugin/1.4/jinstall-14-win32.cab#Version=1,4,0,mn" />

		  </UpdateAttributes>
			
		  <DeleteAttributes>
			<!--
				Delete attribute: InternalCode
				From /configuration/IFN/Gui/ViewOne
			-->
			<Attribute 
				XPath="/configuration/IFN/Gui/ViewOne[@FormParamName='FnAnnoData01']" 
				attribute_name="InternalCode" 
				attribute_value="" />
			<!--
				Delete attribute: InternalArchive
				From /configuration/IFN/Gui/ViewOne
			-->
			<Attribute 
				XPath="/configuration/IFN/Gui/ViewOne[@FormParamName='FnAnnoData01']" 
				attribute_name="InternalArchive" 
				attribute_value="" />				
		  </DeleteAttributes>
		
		</ContentFixAttributes>
	  
	  </XMLContentFixes>

 </XmlConfigurationHotfix>