<?xml version="1.0" encoding="utf-8"?>
<XmlConfigurationHotfix xmlns:xsd="http://www.w3.org/2001/XMLSchema" 
						xmlns:xsi="http://www.w3.org/2001/XMLSchema-instance" 
						version="5" 
						description="Hotfix 5">
  <XMLContentFixes description="-= 'IFN DriveU Permission Manager Service' App.config update =-" 
				   contentXmlFilePath="Ifn.PermissionManager.Provider.Service.exe.config">
    <ContentFixNodes>
      <PrependChildren />
      <AppendChildren>
		<!-- 
		Related to hotfix 5 from 05/06/07
		Add under "IFN\Ecm4P8":
		<InheritSecurity value="false"/>
		-->
		<Node description="" 
			XPathParent = "/configuration/IFN/Ecm4P8"  
			XPath = "/configuration/IFN/Ecm4P8/InheritSecurity[@value='false']"
			xmlstring="&lt;InheritSecurity value=&quot;false&quot;/&gt;" />
      </AppendChildren>
      <DeleteChildren />
    </ContentFixNodes>
    <ContentFixAttributes>
      <AddAttributes />
      <UpdateAttributes />
      <DeleteAttributes />
    </ContentFixAttributes>
  </XMLContentFixes>
</XmlConfigurationHotfix>