<?xml version="1.0" encoding="utf-8"?>
<XmlConfigurationHotfix xmlns:xsd="http://www.w3.org/2001/XMLSchema" 
						xmlns:xsi="http://www.w3.org/2001/XMLSchema-instance" 
						version="5" 
						description="Hotfix 5">
  <XMLContentFixes description="-= 'DriveU Web Service' Web.config update =-" contentXmlFilePath="..\Web.config">
    <ContentFixNodes>
      <PrependChildren />
	  <AppendChildren>
		<!-- 
			Add under "IFN\Ecm4P8":
			<InheritSecurity value="false"/>
		-->
        <Node description="" 
			XPathParent = "/configuration/IFN/Ecm4P8"  
			XPath = "/configuration/IFN/Ecm4P8/InheritSecurity[@value='false']"
			xmlstring="&lt;InheritSecurity value=&quot;false&quot;/&gt;" />
		<!-- 
		Add under "IFN\W2Scheme":
		<AddDocumentRouterMessages enable="false" />
		 -->
        <Node description="10.07.2007" 
			XPathParent = "/configuration/IFN/W2Scheme"  
			XPath = "/configuration/IFN/W2Scheme/AddDocumentRouterMessages[@enable='false']"
			xmlstring="&lt;AddDocumentRouterMessages enable=&quot;false&quot;/&gt;" />

      </AppendChildren>
      <DeleteChildren />
    </ContentFixNodes>
    <ContentFixAttributes>
      <AddAttributes />
      <UpdateAttributes />
      <DeleteAttributes />
    </ContentFixAttributes>
  </XMLContentFixes>
</XmlConfigurationHotfix>