<?xml version="1.0" encoding="utf-8"?>
<HotfixSettings xmlns:xsd="http://www.w3.org/2001/XMLSchema" xmlns:xsi="http://www.w3.org/2001/XMLSchema-instance" description="IFN DriveU hot fix 5">
  <Services>
    <Service service_name="w3svc" startorder="1" stoporder="1" />
    <Service service_name="IFN Encryption Provider Service" startorder="2" stoporder="6" />
    <Service service_name="IFN Permission Manager Provider" startorder="3" stoporder="5" />
    <Service service_name="vFlow Engine 1.1" startorder="4" stoporder="4" />
    <Service service_name="IFN Assignment Manager Service" startorder="5" stoporder="3" />
    <Service service_name="IFN Message Router Service" startorder="6" stoporder="2" />
  </Services>
  <DestinationRootFolders>
    <DestinationRootFolder type_name="FSDIR" path="?PROGRAMFILES?" default="true" />
    <DestinationRootFolder type_name="VIRTUALDIR" path="?HDD?\Inetpub\wwwroot" default="false" />
  </DestinationRootFolders>
  <FolderTypes>
    <FolderType type_name="VIRTUALDIR" folder_hotfix="DriveU Web Service" />
    <FolderType type_name="VIRTUALDIR" folder_hotfix="DriveU Admin" />
    <FolderType type_name="VIRTUALDIR" folder_hotfix="DriveU Web site" />
    <FolderType type_name="VIRTUALDIR" folder_hotfix="Installations" />	
  </FolderTypes>
  <FolderMappings>
    <FolderMapping folder_hotfix="DriveU Web Service" folder_real="DriveUWS\bin" />
    <FolderMapping folder_hotfix="DriveU Admin" folder_real="DriveUAdmin\bin" />
    <FolderMapping folder_hotfix="DriveU Web site" folder_real="DriveU\bin" />
    <FolderMapping folder_hotfix="Installations" folder_real="DriveU\Installations" />  
  </FolderMappings>
  <ExcludeFolders>
    <ExcludeFolder folder_hotfix="Setup" />
    <ExcludeFolder folder_hotfix="IFN DriveU Office Integration" />
	<ExcludeFolder folder_hotfix="Database Scripts" />
  </ExcludeFolders>
  <XmlFileFixes>
    <XmlFileFix folder_hotfix="DriveU Admin" update="../Setup/Config.DriveU Admin.xml" />
    <XmlFileFix folder_hotfix="DriveU Web Service" update="../Setup/Config.DriveU Web Service.xml" />
    <XmlFileFix folder_hotfix="DriveU Web site" update="../Setup/Config.DriveU Web site.xml" />
    <XmlFileFix folder_hotfix="IFN DriveU Assignment Manager Service" update="../Setup/Config.IFN DriveU Assignment Manager Service.xml" />
    <XmlFileFix folder_hotfix="IFN DriveU Message Router Service" update="../Setup/Config.IFN DriveU Message Router Service.xml" />
    <XmlFileFix folder_hotfix="IFN DriveU Permission Manager Service" update="../Setup/Config.IFN DriveU Permission Manager Service.xml" />
    <XmlFileFix folder_hotfix="IFN vFlow Engine Service" update="../Setup/Config.IFN vFlow Engine Service.xml" />
  </XmlFileFixes>
  <ExpandKeywords>
    <ExpandKeyword name="HDD">
      <Value>
        <string>C:</string>
        <string>D:</string>
        <string>E:</string>
      </Value>
    </ExpandKeyword>
    <ExpandKeyword name="PROGRAMFILES">
      <Value>
        <string>C:\Program Files\IFN Solutions</string>
        <string>D:\Program Files\IFN Solutions</string>
      </Value>
    </ExpandKeyword>
  </ExpandKeywords>
  <BackupExclusions>
    <FileFilters>
      <string>*.log*</string>
    </FileFilters>
  </BackupExclusions>
  <ClearTempFiles doClear="true">
    <versions>
      <string>v1.1.4322</string>
    </versions>
  </ClearTempFiles>
  <BackupsFolder doBackup="true" relative="true">Backup</BackupsFolder>
  <ComponentsFolder relative="true">..\</ComponentsFolder>
</HotfixSettings>